epoch,train_loss,val_accuracy,val_mcc,val_macro_precision,val_macro_recall,val_macro_f1,test_accuracy,test_mcc,test_macro_precision,test_macro_recall,test_macro_f1
1,0.2607715217784668,0.9425872093023255,0.8868340668536827,0.9453610712577714,0.9414814814814815,0.941353763009814,0.9267578125,0.853780371047891,0.9287887776392201,0.925,0.9248339582136941
2,0.09659477281578195,0.9452519379844961,0.8957599777548869,0.9483530695194693,0.9474074074074074,0.9473796608252691,0.9375,0.8790995621090085,0.9401002506265663,0.9390000000000001,0.9389618511569731
3,0.048593589215306564,0.940406976744186,0.8830106485914709,0.9437628741399686,0.9392592592592592,0.939104757420198,0.9306640625,0.8614961535274519,0.9325032765399738,0.929,0.9288559332648614
4,0.014850006514097912,0.9651162790697675,0.9288888888888889,0.9644444444444444,0.9644444444444444,0.9644444444444444,0.95703125,0.9120291854009067,0.9560291858678955,0.956,0.9559992959887358
5,0.00481787613631847,0.9636627906976745,0.925962507883426,0.9629995456431126,0.962962962962963,0.9629622313527181,0.9501953125,0.9040072320867851,0.9520072321157138,0.952,0.951999807999232
