epoch,train_loss,val_accuracy,val_mcc,val_macro_precision,val_macro_recall,val_macro_f1,test_accuracy,test_mcc,test_macro_precision,test_macro_recall,test_macro_f1
1,0.2654705524832631,0.9469476744186046,0.8923700420887674,0.9464442667041679,0.9459259259259258,0.9459102257939341,0.939453125,0.876343594046504,0.9383436614305616,0.938,0.9379878456177411
2,0.09634696126449853,0.9411337209302325,0.8831544608317914,0.9431601145949386,0.94,0.9398928460119027,0.931640625,0.868926257412955,0.9359312013982015,0.933,0.9328871833552201
3,0.04279109549703814,0.9585755813953488,0.9164017007393257,0.9586243139600338,0.9577777777777778,0.9577582851675314,0.9482421875,0.8945171804386607,0.9475173300335188,0.9470000000000001,0.9469846785721073
4,0.012679043290215,0.9593023255813954,0.9170410624661737,0.9585225439564902,0.9585185185185185,0.9585184274752867,0.955078125,0.9080290573947624,0.954029057859703,0.954,0.9539992639882238
5,0.0020273576073426133,0.9607558139534884,0.9200646213483918,0.9600646236179129,0.96,0.959998595286748,0.951171875,0.9000072000864011,0.9500072001152018,0.95,0.9499997999992
