model,preprocessing,epoch,train_loss,val_accuracy,val_mcc,val_macro_precision,val_macro_recall,val_macro_f1,test_accuracy,test_mcc,test_macro_precision,test_macro_recall,test_macro_f1
BERT,Yes,1,0.39515441075588265,0.8703972868217055,0.7515468791986806,0.8804943416691232,0.8711111111111112,0.8703115614289247,0.873046875,0.7522874034100764,0.8823894171145101,0.87,0.8689384010484928
BERT,Yes,2,0.18506586810884376,0.876453488372093,0.7638121605213738,0.8899020655229921,0.874074074074074,0.872782987177412,0.861328125,0.7390891203154633,0.8814614020731042,0.858,0.8557825119030209
BERT,Yes,3,0.1095645669294754,0.9186046511627907,0.8341656199062095,0.9171285878930904,0.9170370370370371,0.9170324846356452,0.91796875,0.8320599104704085,0.9160599126274183,0.916,0.9159969758911322
BERT,Yes,4,0.040236914419316844,0.9229651162790697,0.842977764348578,0.9214962829970434,0.9214814814814815,0.9214807921496155,0.9091796875,0.814718899243635,0.9077192166982557,0.907,0.9069589689052873
BERT,Yes,5,0.018055571948934812,0.9295058139534884,0.8563423450240114,0.9281941981140358,0.9281481481481482,0.9281462162768711,0.9140625,0.8242374145680178,0.9122374487704918,0.912,0.9119873261749691
