epoch,train_loss,val_accuracy,val_mcc,val_macro_precision,val_macro_recall,val_macro_f1,test_accuracy,test_mcc,test_macro_precision,test_macro_recall,test_macro_f1
1,0.3850696766438583,0.8909883720930233,0.7781194141101931,0.8892306002526222,0.8888888888888888,0.8888644970089457,0.9052734375,0.8061951228324457,0.9031951464508823,0.903,0.9029882615796512
2,0.17810822730146658,0.8728197674418605,0.75745056947979,0.8872686715135493,0.8703703703703703,0.868940691294167,0.8779296875,0.7671053869950163,0.8923004498378491,0.875,0.8736065117925125
3,0.09032044436025899,0.9127906976744186,0.822659284379463,0.9115482894311873,0.9111111111111112,0.9110874986827777,0.9130859375,0.8222779769422517,0.9112780239441862,0.911,0.9109849564576413
4,0.0329998363663132,0.9156976744186046,0.830077902769435,0.9160060770569052,0.914074074074074,0.9139741944556753,0.9140625,0.8245344715625018,0.9125346448997902,0.912,0.911971478759118
5,0.015307649874982114,0.9258720930232558,0.8491908771193201,0.9247464863903221,0.9244444444444444,0.9244310099573257,0.912109375,0.8200262412595871,0.9100262416794676,0.91,0.9099985599769596
