model,preprocessing,epoch,train_loss,val_accuracy,val_mcc,val_macro_precision,val_macro_recall,val_macro_f1,test_accuracy,test_mcc,test_macro_precision,test_macro_recall,test_macro_f1
BERT,No,1,0.259872281512556,0.9498546511627907,0.8987260703964594,0.9498376823324477,0.9488888888888889,0.9488619239006137,0.9453125,0.8885759839168709,0.9445761707172495,0.944,0.9439818501194387
BERT,No,2,0.08769804347854612,0.9447674418604651,0.8904772107497938,0.9467788167226165,0.9437037037037037,0.9436066669451523,0.9384765625,0.8840832854452363,0.9440927588657063,0.94,0.9398614407595098
BERT,No,3,0.02757045880013417,0.9353197674418605,0.8738524410129791,0.9397971073792073,0.9340740740740741,0.9338589022944879,0.935546875,0.870517695923696,0.9365213473020164,0.9339999999999999,0.9339045581820149
BERT,No,4,0.012284294144592423,0.9629360465116279,0.9244454589256145,0.9622232367039489,0.9622222222222222,0.9622222014936634,0.9521484375,0.9020018040054121,0.951001804007216,0.951,0.9509999509999509
BERT,No,5,0.0009246234255139522,0.9607558139534884,0.9200161540605746,0.9600161542023973,0.96,0.9599996488309362,0.9521484375,0.9020018040054121,0.951001804007216,0.951,0.9509999509999509
