epoch,train_loss,val_accuracy,val_mcc,val_macro_precision,val_macro_recall,val_macro_f1,test_accuracy,test_mcc,test_macro_precision,test_macro_recall,test_macro_f1
1,0.3795168397016823,0.8863856589147288,0.7751551496754876,0.8877478170135646,0.8874074074074074,0.8873826903023982,0.900390625,0.7965163099074654,0.8985164773546517,0.898,0.8979669412889777
2,0.19613795188100389,0.903343023255814,0.8043065821542477,0.9028262248295544,0.9014814814814816,0.9013991924124332,0.9140625,0.824059334408193,0.9120593365444625,0.912,0.9119968318859479
3,0.1256908871330476,0.9018895348837209,0.8022932801107528,0.9022965670692944,0.9,0.8998570799808121,0.9169921875,0.8304801563356693,0.9154802952212758,0.915,0.9149754278986627
4,0.06418250815283197,0.9135174418604651,0.8240302154785641,0.9121784283404795,0.9118518518518519,0.911834388046137,0.921875,0.840006720080641,0.9200067201075217,0.92,0.91999967999872
5,0.0380283700103367,0.9156976744186046,0.8281517833902926,0.9140777093241971,0.914074074074074,0.9140738854845223,0.9189453125,0.8344824703421063,0.917482609897041,0.917,0.916976006065753
