epoch,train_loss,val_accuracy,val_mcc,val_macro_precision,val_macro_recall,val_macro_f1,test_accuracy,test_mcc,test_macro_precision,test_macro_recall,test_macro_f1
1,0.26366976590361446,0.9287790697674418,0.8599984496075613,0.9326067590953218,0.9274074074074075,0.9271886337219541,0.9326171875,0.865512452611496,0.9345196088315355,0.931,0.9308599914827526
2,0.09221218312935282,0.9445251937984497,0.8939967804136201,0.9473303601062977,0.9466666666666668,0.9466468769760417,0.939453125,0.8834872774547143,0.9424885314196958,0.9410000000000001,0.9409503392352969
3,0.028668309484116132,0.9614825581395349,0.9214905826679831,0.9607498419721872,0.9607407407407407,0.9607405468668981,0.9541015625,0.9120072960875532,0.9560072961167378,0.956,0.955999823999296
4,0.006149738459377356,0.9614825581395349,0.9215634018693823,0.9608226647700332,0.9607407407407407,0.960738995807221,0.94921875,0.9021461595177219,0.9511461713595205,0.951,0.9509960306784849
5,0.004142982721653728,0.9600290697674418,0.9185195264966041,0.9592602672378979,0.9592592592592593,0.9592592369049311,0.9462890625,0.8960071680860171,0.9480071681146899,0.948,0.947999791999168
