epoch,train_loss,val_accuracy,val_mcc,val_macro_precision,val_macro_recall,val_macro_f1,test_accuracy,test_mcc,test_macro_precision,test_macro_recall,test_macro_f1
1,0.285582893,0.945494186,0.89053319,0.946090267,0.944444444,0.944393155,0.94140625,0.880853079,0.940853492,0.94,0.939970946
2,0.103417901,0.934593023,0.871639512,0.938320446,0.933333333,0.933143163,0.924804688,0.858201457,0.932224026,0.926,0.925732637
3,0.043524003,0.94622093,0.892630152,0.947447835,0.945185185,0.945115801,0.934570313,0.868380891,0.935384164,0.933,0.932908151
4,0.011754608,0.957122093,0.913034563,0.956738374,0.956296296,0.956285719,0.951171875,0.900064807,0.950064809,0.95,0.9499982
5,0.005221174,0.964389535,0.927416567,0.963712863,0.963703704,0.963703524,0.953125,0.910147456,0.955147468,0.955,0.954996355
