model,preprocessing,epoch,train_loss,val_accuracy,val_mcc,val_macro_precision,val_macro_recall,val_macro_f1,test_accuracy,test_mcc,test_macro_precision,test_macro_recall,test_macro_f1
BERT,No,1,0.252929584493783,0.9484011627906976,0.8950987375237132,0.9476913751603211,0.9474074074074074,0.9473990662991278,0.9482421875,0.8946461678840886,0.9476464014036269,0.9470000000000001,0.9469808600904928
BERT,No,2,0.0851506057396667,0.941375968992248,0.8947523156785911,0.9480867759769784,0.9466666666666667,0.9466243761861249,0.9423828125,0.8903106838298845,0.9463136901698405,0.944,0.9439273298194459
BERT,No,3,0.03695058670430929,0.9316860465116279,0.8668504394972434,0.9365017530190884,0.9303703703703703,0.9301249931171192,0.931640625,0.8643325211229224,0.9343434343434343,0.9299999999999999,0.9298245614035088
BERT,No,4,0.015232632671298537,0.9614825581395349,0.9216524265638282,0.9609117016791963,0.9607407407407407,0.9607370999011705,0.9521484375,0.9084652533450756,0.9544653725414824,0.954,0.953988220984572
BERT,No,5,0.0024158343633340945,0.9614825581395349,0.9216038644414356,0.960863131827602,0.9607407407407407,0.9607381340544421,0.9501953125,0.9043545765046115,0.9523546460424973,0.952,0.9519905901556704
