epoch,train_loss,val_accuracy,val_mcc,val_macro_precision,val_macro_recall,val_macro_f1,test_accuracy,test_mcc,test_macro_precision,test_macro_recall,test_macro_f1
1,0.4207503896517058,0.8866279069767442,0.7693753639053194,0.8849310733569351,0.8844444444444445,0.8844079116362702,0.8896484375,0.7749693178500827,0.8879699248120301,0.887,0.8869293308317698
2,0.24328205902129413,0.8909883720930233,0.7777777777777778,0.8888888888888888,0.8888888888888888,0.8888888888888888,0.91796875,0.8321664499366458,0.9161664665866347,0.916,0.915991599159916
3,0.17301636182237418,0.8892926356589148,0.7809601688822851,0.8905898293471888,0.8903703703703704,0.8903549689284201,0.916015625,0.828006624079489,0.9140066241059857,0.914,0.913999655998624
4,0.11982787199085579,0.8965600775193799,0.795779147418951,0.8980014010615567,0.8977777777777778,0.8977634169737971,0.9130859375,0.8224755283227954,0.9114756658697454,0.911,0.9109742715644822
5,0.09307530390797183,0.8936531007751939,0.7896434945479649,0.8948286798548756,0.8948148148148148,0.8948138913702397,0.9169921875,0.8300813519589333,0.9150813559457653,0.915,0.9149958347959051
