model,preprocessing,epoch,train_loss,val_accuracy,val_mcc,val_macro_precision,val_macro_recall,val_macro_f1,test_accuracy,test_mcc,test_macro_precision,test_macro_recall,test_macro_f1
BERT,No,1,0.31927010452685256,0.9251453488372093,0.8538873360611386,0.9302084076160593,0.9237037037037037,0.9234142115243849,0.916015625,0.8344400262817707,0.9204650709306293,0.9139999999999999,0.9136681403314341
BERT,No,2,0.1378891948455324,0.9425872093023255,0.8841523353544207,0.9426716549295775,0.9414814814814815,0.9414421215906439,0.935546875,0.8759098136309669,0.9389119002374342,0.937,0.9369313182055259
BERT,No,3,0.07693456177269885,0.940406976744186,0.8811370536304322,0.9418816968080526,0.9392592592592592,0.9391690057566893,0.9345703125,0.868926257412955,0.9359312013982015,0.933,0.9328871833552201
BERT,No,4,0.04325027993957822,0.9556686046511628,0.9102541608598322,0.9554395604395605,0.9548148148148148,0.9547993138936535,0.9443359375,0.8923498697368512,0.9463499383516677,0.946,0.9459894139251293
BERT,No,5,0.026939159423636738,0.9585755813953488,0.9156369491242417,0.9578591749644381,0.9577777777777778,0.9577759011511623,0.9462890625,0.8960071680860171,0.9480071681146899,0.948,0.947999791999168
