model,preprocessing,epoch,train_loss,val_accuracy,val_mcc,val_macro_precision,val_macro_recall,val_macro_f1,test_accuracy,test_mcc,test_macro_precision,test_macro_recall,test_macro_f1
BERT,No,1,0.2653504124949298,0.9520348837209303,0.9024757928829443,0.9513647174050056,0.951111111111111,0.9511042429005117,0.943359375,0.8841131737298198,0.9421131809743295,0.942,0.9419962877624168
BERT,No,2,0.09505267274944344,0.9568798449612403,0.919901555699197,0.960643337677433,0.9592592592592593,0.9592286331955251,0.94140625,0.8879360353284171,0.9449381505839436,0.9430000000000001,0.9429378593288091
BERT,No,3,0.03588101559447144,0.9513081395348837,0.9020970094598577,0.9517276601739988,0.9503703703703703,0.950333062256367,0.9541015625,0.9066548412785058,0.9536550779325346,0.9530000000000001,0.9529830268727011
BERT,No,4,0.011562850366559966,0.9568798449612403,0.9189633590698904,0.9597042075292629,0.9592592592592593,0.9592493986199129,0.943359375,0.8909431169908669,0.9459436166929223,0.9450000000000001,0.9449708896005987
BERT,No,5,0.0035483007761285988,0.9590600775193799,0.9229994278581991,0.9615179470970545,0.9614814814814815,0.9614807206068268,0.9482421875,0.9000288013824737,0.950028801843318,0.95,0.9499991999871998
