model,preprocessing,epoch,train_loss,val_accuracy,val_mcc,val_macro_precision,val_macro_recall,val_macro_f1,test_accuracy,test_mcc,test_macro_precision,test_macro_recall,test_macro_f1
DistilBERT,Yes,1,0.3804094718458752,0.8902616279069767,0.7785216273667306,0.8903766687857597,0.8881481481481481,0.8879882894600195,0.90234375,0.8016434504064697,0.9016451384872437,0.9,0.8998974950349158
DistilBERT,Yes,2,0.18286383372421067,0.8931686046511628,0.7894290687497351,0.8983511570513967,0.8911111111111112,0.8906140879353595,0.8955078125,0.793153185401344,0.9001857350587142,0.893,0.8925175111073609
DistilBERT,Yes,3,0.08961969948917006,0.9004360465116279,0.8012342319219979,0.902726764611945,0.8985185185185185,0.898252719449822,0.908203125,0.8134655581963739,0.9074668807707749,0.906,0.9059153237914123
DistilBERT,Yes,4,0.039047405845485626,0.909156976744186,0.8151378030813135,0.9077304596893231,0.9074074074074074,0.9073890630736733,0.912109375,0.8200262412595871,0.9100262416794676,0.91,0.9099985599769596
DistilBERT,Yes,5,0.015267811609373894,0.904796511627907,0.8072745031216064,0.9043126684636118,0.902962962962963,0.9028819113235242,0.912109375,0.8200590463770853,0.9100590485029845,0.91,0.9099967598833558
