epoch,train_loss,val_accuracy,val_mcc,val_macro_precision,val_macro_recall,val_macro_f1,test_accuracy,test_mcc,test_macro_precision,test_macro_recall,test_macro_f1
1,0.28055866764237486,0.9135174418604651,0.8323427905851879,0.9205362425372465,0.9118518518518519,0.9113944087748491,0.9150390625,0.8335172151927611,0.9205514213212442,0.913,0.9126076959471066
2,0.10933262866165024,0.9348352713178294,0.8823278655684454,0.9423309445219141,0.94,0.9399208504592332,0.931640625,0.868926257412955,0.9359312013982015,0.933,0.9328871833552201
3,0.04419700866953159,0.9447674418604651,0.8889696596503543,0.9452673310941028,0.9437037037037037,0.943654236915811,0.9443359375,0.8877078172172811,0.9447094631764503,0.9430000000000001,0.9429451703086666
4,0.0181581001575978,0.9513081395348837,0.9007417292095731,0.9503713588397451,0.9503703703703703,0.9503703431387343,0.953125,0.904028929388618,0.9520289298515106,0.952,0.9519992319877117
5,0.007395456536202497,0.9571220930232558,0.9126416687453132,0.9563453737685919,0.9562962962962963,0.956295121240571,0.9560546875,0.91000182000546,0.9550018200072801,0.955,0.954999954999955
