model,preprocessing,epoch,train_loss,val_accuracy,val_mcc,val_macro_precision,val_macro_recall,val_macro_f1,test_accuracy,test_mcc,test_macro_precision,test_macro_recall,test_macro_f1
DistilBERT,No,1,0.2700037474627607,0.9331395348837209,0.8669099456210616,0.9350640448767416,0.9318518518518518,0.9317258302842668,0.92578125,0.8516116791793656,0.9276193703506479,0.9239999999999999,0.9238388429917705
DistilBERT,No,2,0.09868756827684895,0.9328972868217055,0.8716560445897288,0.936843590755641,0.9348148148148148,0.9347390440698227,0.935546875,0.8764028851651395,0.9394061882870599,0.937,0.9369136347659947
DistilBERT,No,3,0.04783616756661407,0.9302325581395349,0.8614192696235694,0.9325381102790955,0.9288888888888889,0.928738584977038,0.9462890625,0.8924468739095814,0.947450237500553,0.9450000000000001,0.9449246017798366
DistilBERT,No,4,0.011454686150439859,0.9452519379844961,0.8952481756100222,0.947840873141411,0.9474074074074074,0.947394678218433,0.94921875,0.9026519501470334,0.951652185756232,0.9510000000000001,0.950982304611965
DistilBERT,No,5,0.00309437463535384,0.9527616279069767,0.9037840436339601,0.951932195353248,0.951851851851852,0.9518497118390448,0.9541015625,0.9060888010539682,0.9530888054058595,0.953,0.9529976968871474
