model,preprocessing,epoch,train_loss,val_accuracy,val_mcc,val_macro_precision,val_macro_recall,val_macro_f1,test_accuracy,test_mcc,test_macro_precision,test_macro_recall,test_macro_f1
DistilBERT,Yes,1,0.3865673129136364,0.8812984496124031,0.766000301134244,0.8837796622121927,0.8822222222222222,0.8821026105497429,0.8994140625,0.7953388869603665,0.8983400158131956,0.897,0.8969133040887386
DistilBERT,Yes,2,0.19312584466145685,0.8718507751937985,0.7589559136283469,0.8864905598521086,0.8725925925925926,0.8714368290851751,0.8828125,0.773797562498219,0.8939228077159111,0.88,0.8789302274901025
DistilBERT,Yes,3,0.10682043446674166,0.8989825581395349,0.7940819168971687,0.8970448798988622,0.8970370370370371,0.8970365285754498,0.91015625,0.8160065280783371,0.9080065281044496,0.908,0.907999631998528
DistilBERT,Yes,4,0.055136695760302244,0.9018895348837209,0.8000219487770458,0.9000219490781387,0.8999999999999999,0.8999986282390705,0.9072265625,0.8102739188847006,0.9052739652004755,0.905,0.9049839422862465
DistilBERT,Yes,5,0.027641448310168924,0.8997093023255814,0.7971000802561977,0.8993238017807215,0.8977777777777778,0.897678740904777,0.9072265625,0.810715366569219,0.9057156824638662,0.905,0.9049580865161536
