epoch,train_loss,val_accuracy,val_mcc,val_macro_precision,val_macro_recall,val_macro_f1,test_accuracy,test_mcc,test_macro_precision,test_macro_recall,test_macro_f1
1,0.28950058538466694,0.9142441860465116,0.831649951990521,0.9190826829317229,0.9125925925925926,0.9122528703722064,0.9228515625,0.8467705956649341,0.9257841102629141,0.921,0.9207774638960842
2,0.11232080783423347,0.9152131782945736,0.8456650947281023,0.9256841978818395,0.9199999999999999,0.9197320437609007,0.9130859375,0.8353091924383694,0.921341453485532,0.9139999999999999,0.9136237450333653
3,0.060667524311187056,0.9527616279069767,0.9039269230979203,0.9520750988142292,0.9518518518518518,0.9518459069020866,0.947265625,0.892028545370185,0.9460285458269329,0.946,0.9459991359861758
4,0.02469795800813396,0.9513081395348837,0.9007496370773854,0.9503792667509481,0.9503703703703703,0.9503701252845693,0.947265625,0.892,0.946,0.946,0.946
5,0.010946826557240759,0.9542151162790697,0.9067154241430708,0.9533820921207439,0.9533333333333334,0.9533320786128132,0.9462890625,0.89000178000534,0.94500178000712,0.945,0.944999944999945
