epoch,train_loss,val_accuracy,val_mcc,val_macro_precision,val_macro_recall,val_macro_f1,test_accuracy,test_mcc,test_macro_precision,test_macro_recall,test_macro_f1
1,0.409768038118879,0.8660368217054264,0.7370830877787152,0.8704260079245945,0.8666666666666667,0.8663275162882397,0.900390625,0.7980712886583199,0.9000739835306228,0.898,0.8978676364568481
2,0.2259803703830888,0.8888081395348837,0.7755501707737278,0.8888866815003178,0.8866666666666667,0.8865046906449203,0.9140625,0.8252950788226695,0.9132960965588084,0.9119999999999999,0.9119309538678324
3,0.1486708375120846,0.8924418604651163,0.7808641463077874,0.8904937856902922,0.8903703703703705,0.890361707591711,0.9111328125,0.8180147243975598,0.909014724530083,0.909,0.9089991809926289
4,0.09451855517691002,0.8953488372093024,0.7869465196341343,0.8936132360789895,0.8933333333333333,0.8933143669985775,0.9169921875,0.83000166000498,0.91500166000664,0.915,0.9149999149999151
5,0.06116281746362802,0.8924418604651163,0.7810836785448987,0.8907133834916799,0.8903703703703704,0.8903463037154931,0.916015625,0.828006624079489,0.9140066241059857,0.914,0.913999655998624
