model,preprocessing,epoch,train_loss,val_accuracy,val_mcc,val_macro_precision,val_macro_recall,val_macro_f1,test_accuracy,test_mcc,test_macro_precision,test_macro_recall,test_macro_f1
DistilBERT,Yes,1,0.4311846357459823,0.8706395348837209,0.736503233272288,0.8683551142040851,0.8681481481481481,0.8681296247922891,0.8955078125,0.7862658027695983,0.893265847713054,0.893,0.8929819139434565
DistilBERT,Yes,2,0.26370140112315615,0.8931686046511628,0.7841253635133605,0.8930165675670907,0.8911111111111112,0.8909789698460301,0.908203125,0.8131000554157629,0.907100800564727,0.906,0.9059364130151982
DistilBERT,Yes,3,0.20450106873176993,0.8895348837209303,0.7748692382692576,0.887461832773218,0.8874074074074074,0.8874034533997353,0.91015625,0.8160261132534429,0.908026113671275,0.908,0.9079985279764475
DistilBERT,Yes,4,0.15623694450284045,0.8902616279069767,0.7763653096134346,0.888217164532954,0.8881481481481481,0.8881431767337807,0.90625,0.808006464077569,0.9040064641034257,0.904,0.903999615998464
DistilBERT,Yes,5,0.12815783322245503,0.8917151162790697,0.7792806389939372,0.8896510096575944,0.8896296296296295,0.8896281156120112,0.90625,0.808006464077569,0.9040064641034257,0.904,0.903999615998464
