model,preprocessing,epoch,train_loss,val_accuracy,val_mcc,val_macro_precision,val_macro_recall,val_macro_f1,test_accuracy,test_mcc,test_macro_precision,test_macro_recall,test_macro_f1
DistilBERT,No,1,0.362594968204697,0.9183624031007752,0.8406238382993741,0.9206240699506978,0.9199999999999999,0.9199703154640624,0.939453125,0.8760630788125936,0.9380630810836761,0.938,0.9379977679196452
DistilBERT,No,2,0.16426540243749818,0.9408914728682171,0.8860902750565423,0.9431273273378767,0.942962962962963,0.9429576734413232,0.9423828125,0.8821429187301894,0.9411429303094203,0.9410000000000001,0.9409952206128697
DistilBERT,No,3,0.10638523099478334,0.940406976744186,0.8787654272242791,0.9395062026620169,0.9392592592592592,0.9392507260279084,0.9482421875,0.894087624881068,0.9470876291753183,0.947,0.9469974028727408
DistilBERT,No,4,0.07009008466460122,0.9440406976744186,0.8860902750565423,0.9431273273378767,0.942962962962963,0.9429576734413232,0.9482421875,0.894001788005364,0.947001788007152,0.947,0.946999946999947
DistilBERT,No,5,0.048679929540958254,0.9498546511627907,0.8978024091831291,0.9489135206321334,0.9488888888888889,0.948888187766636,0.947265625,0.8920642309370245,0.9460642332495879,0.946,0.9459980559300134
