epoch,train_loss,val_accuracy,val_mcc,val_macro_precision,val_macro_recall,val_macro_f1,test_accuracy,test_mcc,test_macro_precision,test_macro_recall,test_macro_f1
1,0.30451611403453477,0.9549418604651163,0.9082119370154013,0.9541378651816113,0.9540740740740741,0.9540724612551552,0.9599609375,0.918148752147748,0.9591487641996007,0.959,0.9589966787309772
2,0.10363973882243348,0.9600290697674418,0.9185195264966041,0.9592602672378979,0.9592592592592593,0.9592592369049311,0.9697265625,0.9382270784327966,0.969227105919265,0.969,0.9689962485460741
3,0.05093227846482477,0.9614825581395349,0.9223331033331077,0.9615927561215873,0.9607407407407407,0.9607226160329677,0.9609375,0.9202650745176898,0.960265112704918,0.96,0.9599942391704406
4,0.02033086030933191,0.9731104651162791,0.9452111172588059,0.972618525021949,0.9725925925925927,0.9725922166284859,0.9697265625,0.9384223851313566,0.9694224802322089,0.969,0.9689930234302717
5,0.006643060006172164,0.971656976744186,0.9422232562126455,0.9711121451021016,0.971111111111111,0.9711110952598603,0.970703125,0.9401203431063694,0.9701203508098073,0.97,0.9699980798771122
