model,preprocessing,epoch,train_loss,val_accuracy,val_mcc,val_macro_precision,val_macro_recall,val_macro_f1,test_accuracy,test_mcc,test_macro_precision,test_macro_recall,test_macro_f1
RoBERTa,No,1,0.25620921548300735,0.9549418604651163,0.9104530506905808,0.9563819015664397,0.9540740740740741,0.9540159411404046,0.947265625,0.89360994816646,0.9476114010437575,0.946,0.9459513562205986
RoBERTa,No,2,0.12607312665204518,0.9585755813953488,0.9158460592543952,0.9580683275646995,0.9577777777777778,0.9577710813950744,0.9599609375,0.918001836005508,0.959001836007344,0.959,0.958999958999959
RoBERTa,No,3,0.08188554540004891,0.9600290697674418,0.919618176478631,0.9603595754791701,0.9592592592592593,0.9592349008543377,0.958984375,0.9167336805341239,0.9587339743589743,0.958,0.957983193277311
RoBERTa,No,4,0.05346700622443071,0.9607558139534884,0.9200161540605746,0.9600161542023973,0.96,0.9599996488309362,0.9599609375,0.9241848554584865,0.9621848739495797,0.962,0.961996199619962
RoBERTa,No,5,0.03158830154049307,0.9614825581395349,0.9215634018693823,0.9608226647700332,0.9607407407407407,0.960738995807221,0.9609375,0.9260463034727894,0.963046304630463,0.963,0.9629990749768744
