model,preprocessing,epoch,train_loss,val_accuracy,val_mcc,val_macro_precision,val_macro_recall,val_macro_f1,test_accuracy,test_mcc,test_macro_precision,test_macro_recall,test_macro_f1
RoBERTa,Yes,1,0.4476980887663861,0.8553779069767442,0.7171928779662003,0.8647025171624714,0.8525925925925926,0.8513586861800926,0.8642578125,0.741514015347566,0.8745524761286583,0.867,0.8663261501227688
RoBERTa,Yes,2,0.33030664062437914,0.8684593023255814,0.7398526383680358,0.8739704457364341,0.865925925925926,0.8652010068963463,0.8642578125,0.7352410185545669,0.8712770297837618,0.8640000000000001,0.8633303185609487
RoBERTa,Yes,3,0.2339176073282336,0.8888081395348837,0.773436040576253,0.8867693807299167,0.8866666666666667,0.8866591417043326,0.8916015625,0.7841003712716954,0.8921003776966903,0.892,0.8919930875576036
RoBERTa,Yes,4,0.16672827786921213,0.8946220930232558,0.7859108436761207,0.8933185864058542,0.8925925925925926,0.8925430061279307,0.90234375,0.8018560392300931,0.9018581922811079,0.9,0.8998842662117408
RoBERTa,Yes,5,0.12408275387327497,0.8997093023255814,0.7955695245258109,0.897791746870672,0.8977777777777778,0.897776880345726,0.8994140625,0.8001024196649953,0.9001024262211126,0.9,0.8999935995903738
