epoch,train_loss,val_accuracy,val_mcc,val_macro_precision,val_macro_recall,val_macro_f1,test_accuracy,test_mcc,test_macro_precision,test_macro_recall,test_macro_f1
1,0.2295498288818635,0.9622093023255814,0.9229791690494975,0.9614976877102954,0.9614814814814815,0.9614811433186794,0.9599609375,0.9184133790517968,0.9594134721249123,0.959,0.9589907729239079
2,0.11258653749731214,0.9585755813953488,0.9166516662319257,0.9588745445905275,0.9577777777777778,0.9577525336126772,0.9501953125,0.9072062896974324,0.9552119757005431,0.952,0.9519151783746529
3,0.05797008709681298,0.9600290697674418,0.9200554998812427,0.9607975265577929,0.9592592592592593,0.9592252299449912,0.9677734375,0.9342261100812709,0.967226137450526,0.967,0.9669960065167885
4,0.017121913019218483,0.965843023255814,0.9303958959851569,0.9652107111501317,0.9651851851851851,0.9651847076091579,0.966796875,0.9327464959146325,0.9667467948717949,0.966,0.9659863945578231
5,0.009144878963707016,0.967296511627907,0.9334163073596637,0.9667496443812233,0.9666666666666667,0.9666651851193386,0.9755859375,0.9501539374078003,0.975153949879761,0.975,0.9749979748359617
