model,preprocessing,epoch,train_loss,val_accuracy,val_mcc,val_macro_precision,val_macro_recall,val_macro_f1,test_accuracy,test_mcc,test_macro_precision,test_macro_recall,test_macro_f1
RoBERTa,Yes,1,0.5605687885855635,0.8277616279069767,0.6667045092750414,0.8425046339202966,0.8244444444444444,0.8220992785554428,0.8291015625,0.6706683032429526,0.8428322964746806,0.8280000000000001,0.8261193064182195
RoBERTa,Yes,2,0.33360339504045744,0.8793604651162791,0.7552718551913813,0.878235769439937,0.8770370370370371,0.876939533984677,0.8916015625,0.7791368108102724,0.8901376413622122,0.889,0.888919021967014
RoBERTa,Yes,3,0.23674742524356893,0.8924418604651163,0.781980879539996,0.8916114940959661,0.8903703703703704,0.8902834399381458,0.89453125,0.7847600157210378,0.8927603841036246,0.892,0.8919477026881011
RoBERTa,Yes,4,0.19039523988030851,0.8982558139534884,0.7933765617185635,0.8970806531420089,0.8962962962962964,0.8962450592885376,0.900390625,0.7965163099074654,0.8985164773546517,0.898,0.8979669412889777
RoBERTa,Yes,5,0.15074059904242557,0.9026162790697675,0.8016081653747874,0.9008674346460116,0.9007407407407408,0.9007328974141167,0.900390625,0.7961019075666703,0.8981019140900071,0.898,0.8979934715821813
