model,preprocessing,epoch,train_loss,val_accuracy,val_mcc,val_macro_precision,val_macro_recall,val_macro_f1,test_accuracy,test_mcc,test_macro_precision,test_macro_recall,test_macro_f1
RoBERTa,Yes,1,0.4962708198154966,0.84375,0.6912363450115978,0.8505654208139892,0.8407407407407408,0.8396170480585237,0.8525390625,0.7094755779014089,0.8574968719023708,0.8520000000000001,0.8514288926633982
RoBERTa,Yes,2,0.303271879752477,0.8670058139534884,0.7331891984798297,0.8687574395508733,0.8644444444444445,0.8640469168834413,0.884765625,0.7688373658113461,0.8868526800181477,0.8819999999999999,0.8816287878787878
RoBERTa,Yes,3,0.24048215268800657,0.8815406976744186,0.76376747174422,0.8845263738806901,0.8792592592592593,0.8788443718654664,0.8955078125,0.7953731720637472,0.8993803553274919,0.8959999999999999,0.8957794693571597
RoBERTa,Yes,4,0.19706271107619008,0.8960755813953488,0.7905889688298333,0.8965186742517932,0.894074074074074,0.8939105595400538,0.908203125,0.8134655581963739,0.9074668807707749,0.906,0.9059153237914123
RoBERTa,Yes,5,0.1576004988513887,0.9040697674418605,0.8053499503198028,0.9031282377293495,0.9022222222222223,0.9021672533703435,0.90234375,0.800006400076801,0.9000064001024016,0.9,0.8999995999984001
