epoch,train_loss,val_accuracy,val_mcc,val_macro_precision,val_macro_recall,val_macro_f1,test_accuracy,test_mcc,test_macro_precision,test_macro_recall,test_macro_f1
1,0.24095518965623342,0.9556686046511628,0.9099902019853209,0.9551754586349899,0.9548148148148148,0.9548058627799525,0.953125,0.904028929388618,0.9520289298515106,0.952,0.9519992319877117
2,0.11089778835812467,0.9527616279069767,0.9057186531476604,0.9538690476190477,0.9518518518518518,0.9517982944011865,0.947265625,0.8957990776273517,0.9498071678688419,0.946,0.9458854937046791
3,0.06081425958921803,0.9534883720930233,0.9078832036563138,0.9552946319556832,0.9525925925925927,0.9525221508344891,0.953125,0.9054208146306957,0.9534219311761685,0.952,0.9519623384733631
4,0.019758251931731745,0.9607558139534884,0.9200161540605746,0.9600161542023973,0.96,0.9599996488309362,0.96484375,0.928363990040132,0.9643640614241565,0.964,0.9639929426167528
5,0.0055050009932529065,0.9600290697674418,0.9188826143825716,0.959623427286146,0.9592592592592593,0.9592511877524162,0.9658203125,0.9300465034877906,0.965046504650465,0.965,0.9649991249781245
